ID,n_clicks,n_visits,amount_spent,amount_discount,days_since_registration,profile_information
2085,8,8,0,6,2,9
742,7,5,3,2,1,4
750,4,1,0,3,9,8
1224,6,0,0,4,2,3
2210,9,9,3,7,2,3
1632,1,4,0,2,7,8
2416,8,8,4,7,3,0
903,3,7,3,0,4,2
111,1,7,3,1,8,0
1581,4,8,0,2,6,1
1231,3,9,4,6,6,6
2002,8,5,4,7,3,0
1078,5,2,3,5,5,2
301,2,4,5,1,3,5
1475,5,6,5,5,7,7
1343,6,5,1,2,1,4
862,2,5,2,4,5,1
817,2,0,3,0,4,7
1273,2,6,1,1,0,1
1388,2,8,1,4,9,2
389,4,4,9,2,4,2
1997,8,6,5,7,7,3
2454,4,8,0,6,8,0
14,0,1,9,5,3,6
489,4,6,8,2,0,3
1256,5,5,1,0,5,0
2406,9,7,7,9,9,1
2490,9,7,0,6,0,2
878,3,2,1,3,0,6
738,7,6,1,2,4,5
44,1,0,9,4,3,5
1209,0,2,4,5,7,8
2367,9,9,6,9,6,4
1668,0,0,4,6,6,1
791,3,2,0,1,2,3
233,4,1,7,3,8,7
1552,8,5,3,2,1,9
2453,8,2,6,8,8,9
1569,5,6,2,1,9,6
920,2,3,2,6,2,1
746,3,7,5,5,1,1
1413,2,4,2,0,6,4
1909,5,5,0,6,1,7
2383,9,1,5,8,6,5
824,8,7,2,2,9,8
1360,6,4,0,4,8,9
1176,5,7,1,4,4,2
1242,5,5,4,5,1,7
1394,7,3,0,1,8,0
1902,3,8,7,9,1,0
1890,7,9,5,8,3,5
454,6,2,9,5,2,3
1663,8,0,1,5,8,4
1359,7,8,4,5,8,4
1390,2,5,0,2,9,8
2320,7,9,6,8,1,6
1588,4,5,0,3,1,9
198,3,0,8,2,2,6
2442,5,6,7,9,0,0
2495,8,9,6,8,9,3
2280,8,2,5,8,7,5
2461,9,9,5,7,2,2
2306,9,9,7,9,8,6
987,7,1,0,2,3,2
796,6,0,3,1,5,9
175,0,3,9,2,2,2
2386,7,9,1,6,4,1
1210,5,1,2,6,9,5
2162,9,1,6,8,2,8
114,0,4,8,2,7,6
1386,8,0,3,0,5,5
2499,7,9,3,7,4,9
2451,8,9,2,7,3,6
1315,6,5,3,6,0,8
1027,7,8,2,6,5,6
1330,6,2,4,6,3,0
1035,5,7,2,3,8,7
967,4,8,0,3,4,8
2192,9,3,5,8,0,3
2285,9,2,8,9,5,3
2129,9,6,4,7,4,4
1748,6,8,3,7,3,4
1761,8,2,4,7,6,3
1707,4,7,3,2,5,5
1395,8,3,3,5,2,3
2221,7,9,7,9,0,4
853,6,5,5,6,6,3
1180,1,2,2,3,2,6
1115,3,6,2,6,9,9
94,4,1,3,1,0,3
186,7,2,8,2,8,8
332,4,4,9,0,4,1
1681,2,6,4,6,3,2
1352,1,3,1,3,5,4
901,4,6,3,2,5,1
1337,2,6,2,3,6,2
2223,9,8,6,8,4,7
297,0,4,8,3,3,2
2483,9,5,5,7,4,1
34,0,0,9,2,6,9
2245,9,6,7,9,6,6
794,3,6,3,1,6,0
275,3,3,8,4,6,3
1145,5,7,0,0,2,1
1564,2,2,3,4,0,9
2450,9,7,7,9,2,0
640,1,1,9,1,9,7
436,0,2,9,2,7,7
1829,7,5,7,9,8,9
2067,6,9,6,8,5,2
723,3,4,1,3,3,5
2009,9,1,4,7,9,2
715,6,2,2,3,2,8
2226,8,8,5,7,7,9
2144,5,8,7,9,6,8
1793,9,9,7,9,5,6
926,7,6,0,1,3,6
196,0,2,7,3,5,9
1881,6,0,6,8,5,2
35,3,6,9,4,3,7
1263,1,2,3,5,5,4
852,4,5,5,5,4,1
994,1,5,4,5,2,5
101,0,0,5,1,7,4
2106,3,8,6,8,0,2
2213,9,4,7,9,3,3
1416,7,4,0,0,2,8
2265,9,7,4,7,3,8
1709,6,1,0,4,8,8
373,1,4,8,5,9,0
122,2,0,9,4,5,8
1754,9,8,7,9,6,2
22,0,4,7,2,2,3
1727,9,4,5,7,3,4
567,2,2,9,2,7,5
2497,9,9,7,9,9,1
748,9,6,1,3,1,0
2029,8,3,6,9,1,3
1925,9,8,4,7,8,8
2225,8,8,5,7,6,4
2153,7,8,5,7,8,1
2438,9,5,7,9,5,3
1540,7,0,2,3,7,2
1756,8,5,3,7,7,0
2381,8,9,6,8,2,4
2253,9,6,6,9,4,0
1570,6,2,1,5,2,9
547,0,5,5,2,3,4
252,0,0,8,1,9,7
1543,4,8,0,0,0,6
1906,6,8,3,7,4,8
556,0,2,9,5,7,4
947,3,3,0,2,0,0
2316,9,0,5,8,7,0
1240,8,6,1,5,9,7
97,3,8,8,5,3,2
0,3,2,9,1,4,4
808,6,5,4,7,2,0
1587,4,4,2,5,3,8
2065,8,8,6,8,6,7
2395,8,5,5,7,1,1
447,1,4,9,1,6,0
1399,4,1,2,3,6,2
325,0,6,7,0,2,9
38,0,4,7,0,5,2
1082,3,8,5,0,7,4
298,2,6,4,1,4,7
2135,8,9,4,7,7,6
1524,4,0,0,0,7,7
859,3,6,0,2,9,3
1183,5,5,2,1,4,2
1585,6,5,4,1,3,9
1712,3,7,2,4,2,7
1164,3,0,3,3,3,7
792,6,0,0,0,6,6
695,3,0,0,2,3,5
585,4,0,9,5,6,6
1621,7,6,0,0,5,6
67,2,2,8,0,1,4
702,6,1,2,4,1,6
1984,9,9,6,8,0,6
658,1,0,9,4,9,7
2239,9,8,4,7,9,0
2173,7,7,5,8,8,4
1401,5,6,0,1,2,0
249,5,8,9,0,8,7
829,5,6,3,2,0,8
2351,3,8,7,9,3,5
710,0,2,4,1,3,8
468,4,1,8,2,9,3
57,2,1,8,3,0,0
1424,3,0,2,2,2,5
1703,8,6,3,4,3,9
1393,5,7,3,4,3,7
785,2,6,2,6,2,6
2258,7,4,5,8,7,9
464,1,1,7,3,3,5
596,0,1,7,0,9,9
930,4,6,2,5,6,5
1827,6,9,7,9,8,2
1261,7,3,4,6,9,6
1501,3,3,3,5,1,9
952,2,2,1,4,8,4
1212,3,5,4,6,8,0
2204,7,8,6,8,3,5
2088,6,8,5,7,4,8
2323,7,7,5,8,7,8
2188,6,9,5,8,4,5
2,2,0,5,0,1,6
77,0,3,8,0,7,7
1193,2,0,0,0,4,8
2486,9,8,4,7,5,6
917,5,9,4,5,8,4
1137,5,4,1,4,1,1
828,0,1,3,6,8,8
1921,8,2,5,7,9,8
1865,9,7,5,8,3,6
1220,7,3,0,4,0,3
70,6,7,8,1,7,9
1400,0,6,3,5,0,2
573,0,3,8,3,5,9
519,2,3,8,4,8,9
1729,8,6,7,9,9,5
1626,3,4,0,1,8,2
285,4,2,3,0,3,4
1015,6,4,4,1,5,2
516,4,4,8,3,2,7
745,3,8,0,0,6,0
2089,8,7,5,8,9,9
2399,8,9,6,9,7,8
2434,8,1,5,7,2,1
1029,4,1,0,3,2,0
1025,4,6,1,0,0,5
1755,8,8,6,8,9,9
1718,2,4,5,6,6,1
1537,5,8,1,1,5,9
392,3,0,9,6,3,5
1844,9,9,6,8,2,5
2147,9,0,4,7,1,5
1397,2,7,1,1,7,9
538,3,2,8,4,1,9
506,1,3,7,3,7,5
1342,3,7,5,3,5,3
477,0,4,9,4,2,1
995,8,6,3,6,6,2
1092,4,7,1,4,8,3
1672,7,5,1,0,2,7
811,0,2,4,5,4,9
1279,8,4,3,6,1,7
1998,9,1,5,8,6,0
59,2,0,8,0,6,2
336,1,0,9,4,5,5
627,0,5,8,4,1,8
1382,5,0,2,6,6,5
141,2,8,7,1,2,2
331,3,4,7,2,7,7
115,1,6,7,3,7,3
2489,9,7,6,9,6,6
68,2,4,9,5,0,8
970,5,3,1,3,3,8
288,2,7,8,4,4,3
1062,0,4,1,4,8,3
1407,7,4,5,7,0,4
1421,8,2,3,6,1,8
183,4,3,9,0,9,4
2091,9,8,6,8,5,0
1941,9,2,7,9,7,7
333,1,1,7,1,2,3
125,0,0,7,3,1,9
2102,9,4,4,7,6,1
2488,5,7,5,7,8,3
2020,9,9,4,7,5,1
1318,6,5,0,3,4,0
1104,0,2,0,0,4,8
1358,8,6,4,0,0,1
1802,1,2,5,8,1,9
107,1,0,8,4,0,4
934,2,6,1,1,0,3
751,4,8,2,1,5,6
1378,3,2,3,4,3,9
237,1,0,7,3,9,1
2387,9,0,6,8,1,5
448,3,4,7,0,4,4
1600,6,3,0,1,4,1
1308,2,5,0,1,7,1
1693,5,4,6,5,2,8
1217,0,7,3,6,3,6
1990,7,7,6,9,1,3
207,1,0,7,2,5,2
2481,1,7,6,9,0,5
1189,6,1,2,6,1,1
1979,9,8,2,7,7,3
121,2,3,8,2,5,1
682,2,7,0,0,3,8
2024,9,4,4,7,1,2
1148,6,7,4,6,6,6
525,3,1,3,0,1,0
486,1,4,8,3,2,7
2437,9,9,2,7,8,7
618,2,2,6,0,5,0
2028,9,9,7,9,6,7
2310,7,7,4,7,8,8
950,2,3,4,6,3,0
1405,5,5,4,2,9,3
1803,8,8,6,8,3,0
49,2,1,9,2,7,7
1061,7,4,2,6,7,6
1464,1,4,0,1,0,0
1264,7,4,2,5,8,8
1567,4,6,3,3,2,5
1878,6,4,6,8,2,2
2358,8,9,5,7,0,1
2372,8,6,7,9,6,0
1659,8,6,4,5,9,2
309,4,1,9,6,5,5
281,1,3,8,1,7,3
1735,8,9,6,9,6,6
646,4,3,5,0,6,5
194,4,8,9,5,7,7
606,1,3,8,0,3,4
410,2,4,9,3,8,8
517,5,6,7,0,0,7
833,1,4,1,1,9,7
40,0,2,9,3,1,3
941,3,6,0,0,0,5
2012,9,6,6,8,2,1
39,6,4,3,0,2,7
1243,5,4,4,4,2,2
1930,1,8,7,9,2,0
1402,2,6,0,0,5,3
1657,6,9,0,0,0,4
611,3,4,8,4,8,8
199,0,4,8,4,5,9
294,1,0,9,6,5,6
2168,5,8,3,7,2,3
1725,0,3,5,8,5,6
2428,8,9,6,8,3,0
145,1,1,6,0,4,9
42,6,5,6,1,8,2
120,2,0,6,3,5,4
80,1,0,5,0,2,0
2266,8,6,7,9,2,6
2459,9,8,5,8,5,3
2478,8,7,7,9,3,2
788,9,5,3,5,2,5
843,8,5,1,0,3,5
2076,9,9,6,9,5,5
851,4,7,1,3,1,1
1031,7,7,0,2,4,7
1467,6,6,0,3,4,2
2408,9,2,6,9,7,4
586,0,3,9,2,6,0
849,8,2,2,3,5,0
1770,0,4,1,7,0,9
493,4,0,7,1,3,1
2296,1,4,3,7,8,3
1207,4,3,3,4,7,7
1452,6,5,4,5,6,2
1811,5,4,6,9,1,3
1423,0,1,4,5,7,4
2108,2,6,3,7,7,3
2023,8,7,5,8,2,9
1775,0,6,2,7,9,0
1496,6,8,3,6,0,2
478,3,6,7,2,0,2
91,3,2,9,0,5,4
1472,7,6,5,7,4,8
2103,6,9,3,7,3,9
484,0,4,8,3,3,8
1856,7,6,6,9,0,2
1687,0,0,1,3,2,0
520,1,1,9,1,4,7
370,1,1,9,4,2,8
1204,1,8,5,2,5,7
1547,0,1,0,3,2,8
1836,6,9,7,9,6,8
2160,7,9,3,7,6,0
2158,9,3,5,7,9,1
1937,9,9,4,7,2,6
704,0,5,1,1,9,9
1558,5,2,4,6,4,8
1783,2,8,8,9,4,7
1824,9,4,4,7,0,1
1835,7,9,6,9,4,2
2202,9,7,7,9,0,2
691,3,6,1,5,5,6
557,0,6,7,0,3,9
1109,0,3,1,5,3,9
425,0,0,9,6,1,6
176,2,6,9,2,7,0
1762,8,7,3,7,5,0
1928,7,7,5,8,1,7
1050,0,3,3,1,0,0
1879,8,9,6,9,4,5
83,0,0,9,2,0,7
654,1,1,9,0,1,5
2186,5,8,3,7,0,9
758,5,0,1,3,6,7
1872,7,9,6,9,9,3
1441,5,1,2,1,0,4
241,1,4,9,4,6,9
2081,7,7,4,7,0,2
614,3,0,9,5,8,4
1167,5,0,3,4,4,7
412,0,0,9,5,4,9
27,4,0,9,4,7,9
2250,8,7,5,8,4,0
495,0,2,6,1,8,5
1954,3,8,6,9,5,6
1051,5,3,1,4,0,3
2031,8,7,6,9,5,9
1714,6,7,1,2,3,7
1651,6,2,4,3,7,9
236,2,3,9,3,6,8
978,1,6,5,6,4,9
2110,9,5,6,9,1,4
604,6,0,7,2,0,2
1901,7,6,4,7,3,9
2287,3,6,6,9,5,4
2292,8,1,7,9,3,3
1888,9,1,1,6,4,4
307,1,2,8,2,8,1
2498,9,9,6,9,3,9
1708,8,4,3,4,4,9
888,0,1,3,5,0,9
641,4,1,8,0,3,6
1653,6,0,1,4,6,6
1414,7,2,5,6,8,5
1814,4,7,4,7,1,4
1271,6,1,2,5,3,0
89,0,2,7,1,8,2
1161,2,7,1,1,1,6
1566,0,0,4,6,9,1
1882,7,0,5,7,2,1
1822,8,6,5,8,8,4
2207,2,9,5,8,8,4
2098,8,3,5,7,1,6
680,7,4,4,5,8,5
1706,6,3,2,5,0,8
1096,7,8,3,6,0,7
2373,8,2,3,7,9,6
2417,7,9,5,8,7,5
2125,7,5,6,9,9,7
1555,4,4,2,0,3,3
608,3,1,9,5,6,2
2356,0,8,5,8,5,0
2215,5,7,2,7,8,6
1617,5,0,1,3,2,7
1637,2,0,2,5,9,7
150,2,1,8,1,5,5
2171,9,9,4,7,1,6
1971,0,3,1,6,8,5
2337,8,2,5,8,7,1
669,4,5,2,2,9,0
1118,5,8,4,6,9,7
349,4,2,9,4,0,7
1730,9,9,6,8,1,4
1752,3,5,4,7,9,0
2295,8,8,5,8,8,6
2041,8,9,7,9,6,8
801,4,2,2,3,1,3
2116,8,0,4,7,8,1
2025,6,2,4,7,1,8
1571,7,6,0,3,7,1
990,6,4,5,4,2,3
2191,9,9,3,7,3,9
1530,1,5,3,2,6,1
1556,3,5,0,3,9,8
209,4,0,9,3,2,4
2182,8,8,3,7,1,4
202,0,5,8,2,2,5
2436,0,7,5,8,2,3
163,0,4,9,0,1,4
635,0,3,7,2,0,0
2228,9,9,0,6,8,3
184,4,0,9,3,2,9
335,0,1,7,3,7,4
2170,5,1,5,7,5,7
799,7,1,3,6,2,4
781,2,0,2,0,1,0
295,2,7,8,4,2,1
1538,0,2,3,6,7,4
1705,6,1,1,5,4,8
2426,9,6,7,9,2,0
561,1,3,9,1,4,1
1713,3,6,1,5,5,4
2219,8,8,7,9,1,8
946,7,6,2,4,0,0
2433,9,2,6,8,2,9
544,3,8,7,1,5,7
1731,4,6,8,9,2,4
130,2,0,9,3,6,8
633,0,0,6,2,1,5
63,6,0,7,1,0,2
1182,7,7,3,3,6,7
1252,5,0,4,6,5,1
647,0,0,8,0,0,4
566,3,6,9,0,6,7
30,3,0,7,2,4,7
144,1,1,9,3,7,9
427,0,3,7,1,1,7
165,2,0,8,4,1,3
2140,9,9,6,9,4,7
2414,9,8,5,8,0,7
1196,1,5,1,1,4,0
1620,4,7,3,4,9,7
594,4,2,8,3,5,8
5,1,7,8,4,7,1
6,2,0,6,2,7,5
218,4,4,8,4,9,6
1512,4,3,2,2,2,4
1779,5,8,6,9,9,6
2026,3,6,4,7,1,5
1461,2,3,4,6,1,8
2039,3,1,4,7,9,5
2155,9,9,5,8,3,1
167,2,1,9,5,8,7
1539,7,1,2,2,5,5
1068,5,9,3,4,3,1
670,0,0,4,3,5,4
2261,7,2,6,8,6,0
536,0,1,7,1,1,7
300,6,2,7,2,0,0
1445,4,4,1,5,2,5
1255,5,4,3,4,3,6
1045,2,8,3,0,4,1
1391,4,7,0,1,4,5
2278,6,0,4,7,5,9
2493,1,8,6,8,5,1
2300,9,9,6,9,8,8
1404,4,3,1,2,8,6
414,1,5,8,3,5,0
1863,8,4,6,9,8,1
18,2,2,4,1,5,9
1821,7,3,6,9,1,9
71,0,4,9,4,1,0
2281,8,7,3,7,0,9
885,5,2,5,6,4,2
64,0,3,9,3,8,2
896,6,4,0,2,8,3
2283,4,8,4,7,5,7
991,4,3,1,0,0,8
2010,7,9,4,7,5,8
790,7,4,3,5,3,7
1037,5,2,0,0,3,5
1328,7,9,0,2,1,6
250,3,1,7,4,4,3
1047,4,3,2,5,0,7
1108,3,2,3,6,5,0
380,0,1,9,5,3,6
1262,7,3,3,6,4,0
2097,9,8,3,7,6,7
623,1,0,7,3,6,5
666,8,3,0,1,9,1
739,6,4,1,5,0,8
1055,2,3,3,6,3,6
168,4,1,9,1,9,2
1119,4,0,0,0,9,5
1332,7,6,4,3,8,8
1046,8,2,3,5,4,8
563,3,1,9,6,5,8
657,1,0,8,1,6,6
259,1,3,9,5,9,3
1266,6,4,5,6,3,8
1310,5,7,1,1,1,0
1520,5,4,3,2,9,5
1175,5,3,0,0,8,0
1625,2,6,3,6,7,5
2299,2,1,6,8,9,8
1398,6,0,2,4,6,2
334,0,3,8,3,7,8
1702,5,9,5,6,9,7
1533,6,1,1,5,6,0
856,0,3,5,6,9,1
1774,3,8,1,7,2,9
1188,3,2,2,3,7,5
2233,8,6,6,8,8,1
1618,2,4,2,5,4,4
160,3,6,8,3,4,9
1269,3,4,2,4,6,5
2448,2,6,6,9,9,5
1370,0,6,1,3,1,0
940,3,2,1,4,6,2
2286,6,6,6,9,4,6
1270,5,4,2,5,0,9
1991,2,6,6,8,9,5
347,0,0,8,1,3,4
239,1,3,8,0,6,7
1773,8,9,8,9,1,2
1981,0,3,7,9,1,2
1443,8,0,1,0,5,4
1447,7,0,3,5,3,2
866,4,4,1,1,0,6
351,0,4,8,4,3,4
1554,5,5,1,5,6,8
1643,3,4,5,7,0,5
306,0,3,8,1,4,0
296,1,2,8,1,0,4
2005,2,7,5,8,9,9
2138,7,4,7,9,5,5
774,6,2,1,1,5,8
1420,5,2,4,7,1,7
818,5,2,4,6,0,3
2070,2,9,5,8,9,6
11,1,5,9,3,6,9
1746,9,9,3,7,0,2
1932,8,7,5,7,2,3
2237,8,9,6,9,0,7
1024,6,1,3,6,5,4
1946,6,9,7,9,9,8
571,2,6,9,0,6,9
735,7,5,2,4,8,7
1695,2,7,1,2,7,4
1147,6,1,5,1,8,5
2156,9,5,6,9,7,7
1914,1,9,5,7,7,3
1759,8,1,3,7,0,7
1004,0,8,3,6,7,6
1804,6,4,6,8,3,9
1679,1,6,1,1,2,9
2131,6,8,6,9,5,0
1146,6,7,1,1,2,9
441,1,0,8,1,1,9
515,0,4,8,1,1,8
783,7,9,0,0,5,9
2197,9,9,6,9,0,9
2335,3,2,4,7,3,7
324,3,1,9,5,8,4
1095,3,6,0,0,5,3
1033,5,3,3,3,7,5
2470,7,9,7,9,2,1
965,3,5,2,5,9,2
261,2,4,5,0,7,1
1396,5,2,0,0,8,6
1041,5,3,1,5,4,4
1206,5,0,3,3,1,9
1121,1,4,0,0,9,8
364,0,7,6,2,3,7
2354,4,9,7,9,0,3
609,2,3,8,4,5,9
263,0,0,8,2,1,5
1699,3,5,1,5,4,2
284,2,2,9,3,4,1
314,2,3,7,2,3,4
2487,9,0,6,8,3,0
2304,7,8,4,7,3,3
1127,5,5,3,4,9,1
804,2,1,1,6,8,2
37,3,0,8,4,5,1
1678,7,9,1,3,1,4
922,4,9,1,5,8,7
800,1,3,4,1,9,0
730,3,5,0,2,4,2
1502,3,7,3,6,2,0
503,1,4,9,5,3,8
942,0,7,0,0,3,9
1005,1,4,0,4,2,4
564,4,1,7,3,8,5
170,3,1,8,4,9,6
512,2,7,7,3,7,6
522,0,6,8,1,8,1
2430,9,5,6,8,2,2
552,6,0,8,3,4,1
1931,0,9,0,6,5,5
2419,9,9,3,7,5,9
1433,4,7,3,3,9,3
1831,8,5,4,7,2,8
375,1,7,6,2,1,6
1099,2,8,0,0,2,1
1992,7,6,2,7,6,4
1434,2,4,0,3,2,4
1738,5,9,7,9,9,4
193,4,1,3,0,0,0
1634,8,0,0,0,7,5
861,7,9,4,6,6,3
1372,6,5,1,5,8,1
2139,7,9,6,9,5,9
2276,7,8,6,9,7,1
2447,6,9,7,9,9,7
864,3,2,0,3,8,9
1460,3,0,0,2,3,3
651,5,0,9,5,0,5
1782,8,6,2,7,3,8
1239,2,2,1,4,5,6
1673,3,3,2,4,0,6
1689,7,8,4,5,3,2
2072,8,9,5,8,8,7
1432,7,8,4,2,4,5
887,0,5,3,3,7,9
775,7,1,2,0,1,6
1893,4,9,6,8,7,9
158,1,3,8,0,1,9
2270,9,4,6,9,1,2
2465,9,9,6,8,7,7
1975,8,4,5,7,0,5
1959,9,9,8,9,9,6
1769,9,5,6,9,1,4
228,1,0,8,3,0,0
1141,8,9,3,6,3,3
1940,8,7,5,8,1,3
2034,8,1,6,8,0,9
1751,0,5,5,8,5,1
2137,5,8,6,8,3,7
2124,8,8,3,7,2,6
41,1,1,9,5,0,8
1369,0,5,2,1,4,4
1697,4,4,1,4,1,7
2315,9,9,4,7,5,0
1235,8,5,0,2,8,4
1267,0,0,3,3,4,1
2084,8,8,8,9,9,7
2238,5,8,6,9,4,8
1728,7,6,7,9,0,9
686,6,3,1,4,0,4
555,4,0,9,6,9,0
1965,9,7,6,8,6,3
1956,7,7,6,9,2,5
2424,9,5,4,7,1,1
155,1,8,6,2,6,3
860,2,6,2,4,5,0
1675,6,5,1,0,3,8
256,3,1,7,0,4,9
416,1,1,9,4,7,8
369,1,3,8,0,9,4
96,2,5,6,2,6,3
2016,5,4,2,7,4,9
1546,6,3,1,5,3,2
513,2,2,9,0,0,1
993,4,6,0,0,5,1
1966,3,8,7,9,1,9
1032,4,7,0,0,8,0
439,5,6,8,2,1,6
1883,3,3,6,9,1,7
911,1,5,3,6,6,5
327,3,4,9,5,4,4
161,0,7,8,4,5,2
1967,8,9,4,7,9,5
2382,6,9,6,8,3,7
2043,9,8,8,9,4,9
1314,7,6,3,6,4,8
1609,8,8,3,6,5,8
2252,0,6,7,9,3,4
469,6,5,9,4,6,0
1478,2,5,1,3,6,2
717,2,7,2,6,7,4
835,3,8,3,6,2,2
1747,9,7,5,8,4,8
1202,6,5,3,2,6,2
2462,9,9,1,6,0,4
1110,0,5,4,4,7,8
481,1,6,8,1,5,0
1781,8,8,6,8,4,0
1857,9,8,6,9,3,4
1526,0,4,2,1,2,5
842,0,0,2,1,6,3
2411,9,3,5,8,1,8
712,2,3,0,3,0,3
954,2,6,3,6,6,6
2006,8,9,6,8,5,3
700,5,3,2,5,0,9
1438,6,3,2,5,3,3
1684,3,7,2,4,0,9
43,2,5,7,1,0,1
2093,5,9,6,8,2,4
189,1,5,9,5,7,7
890,2,6,0,1,1,0
2194,7,9,3,7,6,8
282,4,0,8,3,1,2
181,4,3,8,4,4,4
1541,0,6,1,5,9,6
1244,0,5,1,0,1,4
1884,8,0,7,9,7,4
1435,7,2,3,0,5,7
1846,6,1,6,9,8,5
377,4,0,9,4,0,6
395,1,1,8,3,8,9
1411,1,5,4,5,8,3
1622,6,9,1,1,2,1
650,1,2,9,5,9,3
52,3,5,9,4,7,3
2409,8,9,6,8,0,8
257,5,1,8,0,1,6
1974,8,5,6,9,8,0
2275,5,8,4,7,5,5
534,0,1,7,1,8,6
535,4,0,9,1,7,9
1800,8,2,7,9,6,6
1305,4,8,2,1,9,9
1962,9,1,7,9,9,8
1795,6,0,4,7,8,0
192,0,0,9,5,2,9
1474,8,1,0,0,3,4
2082,6,7,7,9,9,1
255,2,0,9,2,3,0
149,5,4,8,2,8,2
1700,7,3,0,1,4,0
740,9,7,0,2,8,3
2107,8,8,5,8,0,8
1326,3,3,1,0,0,9
104,5,1,7,3,5,8
948,5,7,5,6,9,1
367,3,0,7,2,9,6
117,0,0,5,1,0,9
1064,2,7,0,0,4,5
865,5,5,1,5,7,3
78,1,1,8,4,0,9
565,0,0,8,2,9,0
1630,5,4,2,2,1,7
1253,3,2,5,1,8,8
2008,9,9,5,7,9,8
431,0,2,7,1,8,3
2368,7,4,2,7,7,8
988,5,6,4,6,0,1
1339,5,0,2,4,6,7
692,6,0,0,1,1,5
1733,5,6,1,6,7,0
1070,6,2,0,0,3,7
980,0,5,0,3,0,8
1087,5,4,3,6,9,9
213,2,1,8,5,7,8
1895,5,9,7,9,5,4
524,2,4,7,2,4,1
2412,7,6,5,8,6,2
2143,9,8,1,6,2,4
718,0,5,4,6,3,5
365,0,4,9,2,5,2
200,2,1,8,2,5,5
195,3,3,8,1,2,3
216,4,1,8,4,2,8
1223,1,7,1,4,5,0
136,2,5,8,2,3,9
757,2,7,0,4,9,2
310,1,5,9,0,9,0
1908,1,9,5,8,9,1
871,4,0,0,0,5,6
899,0,4,1,2,5,6
1453,1,3,1,5,1,7
2313,9,7,5,8,9,6
2279,9,0,2,7,0,3
2329,9,9,7,9,7,6
1355,3,7,0,1,7,3
311,4,6,7,2,1,4
1698,8,0,1,5,4,1
1772,9,9,6,9,9,8
963,6,7,1,0,2,3
2159,9,6,4,7,2,6
177,4,0,8,3,0,8
434,0,2,8,2,8,8
1322,5,1,3,5,7,1
1692,0,8,0,0,7,4
1661,4,7,3,6,1,0
2294,6,3,7,9,9,0
1874,7,9,6,9,5,1
487,1,2,8,0,4,5
676,3,7,2,6,5,5
426,0,2,9,3,1,5
1500,0,5,1,5,6,8
164,2,0,9,4,4,5
759,4,5,1,3,5,0
1377,6,6,0,1,7,9
358,1,0,8,2,5,5
1238,7,7,2,5,6,8
1721,5,3,0,2,7,0
131,3,4,8,4,6,5
180,1,1,8,1,6,6
1969,8,9,6,8,9,1
587,0,7,8,1,4,9
1898,7,8,7,9,1,5
2467,6,9,4,7,5,2
1641,3,6,4,5,0,2
103,3,3,7,2,9,9
1591,1,3,2,6,9,4
1335,4,3,4,6,9,8
2264,9,8,5,7,4,2
178,1,3,8,4,5,1
949,8,0,1,4,0,1
1513,7,7,2,6,9,0
827,5,2,1,5,6,3
2126,9,9,6,8,6,7
15,2,5,7,0,3,0
753,6,4,1,1,0,4
2463,6,8,6,9,0,4
1038,8,6,1,4,6,7
1938,2,9,5,7,8,9
2388,7,9,8,9,7,1
698,4,8,3,4,7,2
2390,8,9,6,9,3,4
1258,5,4,1,3,8,5
391,1,0,9,5,8,7
532,6,1,5,0,7,0
560,0,0,4,1,2,9
1094,0,6,4,6,6,8
2458,9,7,3,7,7,7
1676,7,5,3,3,8,5
1275,5,6,6,6,2,6
581,5,4,7,2,3,4
683,3,6,0,2,4,4
667,8,6,4,2,8,4
1150,3,2,6,7,7,7
16,2,3,8,2,0,3
433,4,1,4,1,2,1
82,2,0,9,5,1,4
1163,7,1,4,3,5,8
320,0,4,7,3,9,1
1722,6,5,4,1,9,4
2037,7,0,6,8,0,2
1022,6,1,0,0,7,9
2163,9,8,7,9,1,9
2017,4,8,4,7,7,7
847,1,7,2,3,3,1
2096,1,8,2,7,1,2
2457,8,9,2,7,8,3
1380,6,4,3,4,1,7
2058,7,8,6,9,0,3
1340,7,4,4,0,2,3
61,2,2,8,3,5,6
501,3,0,9,5,4,8
643,0,2,8,4,4,4
9,4,5,7,3,6,8
1787,8,6,3,7,4,0
148,3,6,9,2,8,8
1233,2,3,3,0,6,7
754,0,0,0,0,5,1
1977,8,6,6,8,5,1
1760,6,0,0,6,0,4
2456,7,3,5,8,4,2
540,2,9,5,2,4,7
2318,8,3,5,8,0,1
1112,4,1,0,0,4,2
1463,7,6,2,5,3,6
153,1,3,9,1,5,2
69,2,1,9,2,8,5
1040,3,0,0,1,7,3
1159,6,2,0,3,8,1
2121,6,6,7,9,4,3
36,0,2,8,1,9,0
2422,9,4,7,9,6,8
215,2,8,8,3,5,4
1978,7,7,6,8,7,9
1473,3,3,1,4,6,0
1010,1,5,0,3,2,5
2445,9,7,5,8,1,4
1106,4,0,2,4,7,5
1483,4,5,0,0,1,6
1916,8,5,5,7,2,4
191,0,0,9,3,1,0
2154,7,6,7,9,8,0
580,1,0,8,2,1,3
2120,4,8,4,7,5,8
1289,0,3,2,3,7,9
55,2,0,8,0,8,4
752,3,4,4,6,5,6
1511,1,1,2,5,3,9
2401,8,9,7,9,2,9
2004,0,5,5,8,6,9
254,1,6,9,6,3,1
1701,7,8,3,6,9,1
2068,8,9,4,7,2,4
2374,8,9,4,7,0,5
590,2,6,9,0,9,6
612,0,5,8,2,5,4
656,4,0,8,4,6,8
1920,7,9,7,9,3,6
1091,3,3,4,4,2,5
1013,6,8,0,0,6,0
2415,7,2,2,7,8,0
31,3,2,7,2,3,7
235,5,4,9,3,2,8
1905,3,6,5,7,6,3
2206,7,8,7,9,4,6
2366,5,8,3,7,5,2
531,0,5,9,0,3,7
1806,8,9,4,7,7,5
822,6,5,0,0,2,1
546,4,3,8,2,1,5
1917,6,6,8,9,7,9
1719,6,6,3,0,4,7
277,0,1,9,1,1,3
2384,8,6,4,7,7,7
123,5,5,4,0,2,5
1907,4,9,2,7,8,0
2196,8,1,5,8,8,4
1534,6,3,1,3,9,4
1306,3,4,2,4,6,3
1740,4,8,6,8,4,0
1521,0,7,4,6,9,3
1083,6,2,0,0,6,0
2113,7,1,2,7,6,7
2044,9,8,1,6,4,3
912,7,8,2,4,2,9
385,1,7,8,5,7,6
1186,5,3,0,0,3,1
1575,2,7,2,1,4,3
119,1,6,8,0,3,4
1599,0,2,3,4,1,3
2472,9,9,5,8,2,5
1745,6,9,7,9,8,0
2491,0,9,6,8,9,6
2471,7,1,5,8,8,3
502,0,0,8,3,0,0
359,0,1,8,4,8,6
1798,9,9,6,8,5,2
2200,8,4,7,9,9,1
889,0,3,2,5,0,6
1825,7,3,7,9,5,8
1646,0,3,4,6,1,0
844,1,4,1,0,9,1
2297,7,3,6,8,4,9
1572,4,6,1,1,0,3
789,8,3,2,1,3,6
634,0,4,8,3,7,7
554,4,4,8,4,1,7
2229,3,4,4,7,3,8
190,1,6,8,5,4,4
2303,2,8,3,7,4,5
1288,6,6,1,5,3,9
1222,4,3,2,6,7,6
2175,6,8,6,9,3,3
2190,4,8,7,9,0,0
1385,2,5,3,6,4,0
289,3,0,7,3,8,9
2059,3,9,6,8,7,6
2474,5,9,6,8,0,9
2268,8,9,5,8,1,7
1792,2,3,3,7,6,5
2095,7,4,5,8,7,6
2364,0,8,0,6,2,5
1715,5,2,1,3,8,8
1645,4,5,3,4,3,3
982,4,2,2,5,2,3
53,2,2,8,2,2,9
1887,8,6,3,7,9,9
923,0,4,4,3,7,6
713,5,4,5,6,2,0
2164,9,8,5,8,9,4
631,2,0,8,2,7,3
1479,2,4,0,3,3,3
1338,3,4,0,0,3,1
1694,6,4,0,1,3,3
1057,4,1,0,3,5,3
1053,4,7,1,4,9,4
312,1,5,9,0,2,4
579,0,0,9,5,8,9
246,1,3,7,0,7,3
75,1,5,7,0,3,2
559,1,2,8,4,6,1
2224,4,7,8,9,4,5
910,2,5,2,4,4,3
743,6,4,4,6,3,7
996,0,2,0,2,7,5
266,3,8,8,5,4,9
904,9,5,0,3,9,9
415,2,1,8,3,1,7
2203,6,6,5,7,4,5
989,3,1,4,4,7,0
1448,3,1,3,5,2,3
1312,7,6,0,2,9,8
342,0,1,6,0,3,8
1039,5,7,4,5,4,8
271,1,6,8,4,6,2
1904,3,7,2,7,7,6
313,0,0,9,1,1,2
1020,3,3,1,2,2,5
2003,9,6,6,8,5,0
1462,8,6,4,5,0,9
2452,5,3,3,7,2,5
1300,2,4,4,7,5,5
2063,7,4,2,7,8,2
760,7,3,0,3,0,1
2455,7,4,5,8,4,8
1960,8,8,7,9,4,0
212,0,1,9,4,9,6
1178,3,6,0,1,5,9
909,1,4,6,7,7,7
1602,0,5,3,1,2,9
2062,6,6,3,7,7,0
1375,8,0,5,7,9,3
914,5,1,1,5,1,6
677,1,3,1,3,7,5
1286,4,5,2,0,8,4
1683,2,6,0,3,5,7
346,3,6,8,3,4,7
2066,6,1,7,9,0,9
997,1,8,1,3,5,5
1168,2,4,0,1,5,1
529,0,1,6,2,8,6
931,6,4,5,2,7,5
2464,1,9,5,8,3,5
737,3,1,2,1,9,8
162,3,1,8,4,3,0
510,2,1,8,3,0,6
2405,1,7,2,7,4,2
2092,9,9,6,8,6,7
703,5,6,2,1,7,2
1897,8,8,2,7,2,5
1077,2,1,5,6,7,4
1854,9,7,1,7,9,1
384,6,9,9,3,6,8
2069,9,8,6,9,9,1
1616,4,6,1,0,7,9
900,4,4,0,0,8,5
892,1,4,2,4,2,1
809,4,0,1,4,2,5
1607,4,2,2,5,7,8
1446,6,5,3,6,7,7
1647,4,7,1,4,2,6
174,1,5,9,5,9,9
1886,7,3,5,8,4,6
2477,5,9,7,9,1,5
2342,9,3,4,7,9,2
1291,9,7,3,4,6,2
48,2,1,8,3,2,7
1980,8,7,5,7,1,1
1123,6,5,1,2,1,1
2080,5,8,4,7,2,6
1623,2,0,3,0,9,1
326,0,9,9,5,4,6
10,1,2,7,3,7,9
1387,2,3,4,5,3,0
598,4,1,9,5,9,0
1763,9,5,5,8,2,9
1367,2,8,0,0,6,1
1436,5,4,3,4,8,9
1726,5,7,6,8,1,4
138,1,1,6,3,1,2
459,1,1,8,4,1,7
1140,6,8,1,0,5,0
2231,8,9,5,8,8,4
1084,3,4,4,1,8,8
455,4,7,9,2,9,2
863,3,2,0,1,4,9
2057,9,0,6,9,2,1
1506,7,2,0,2,6,8
1316,4,6,0,0,1,9
146,1,3,8,3,9,2
2482,9,4,4,7,9,0
1791,9,3,4,7,3,0
1170,5,8,0,0,7,5
1249,7,4,4,5,2,1
874,5,4,3,6,1,4
1557,2,7,3,5,2,2
221,0,2,6,0,9,8
873,7,9,0,0,9,6
1230,4,6,1,5,1,3
545,1,0,9,4,1,9
2000,9,7,5,8,7,4
1036,2,8,4,7,0,0
1246,5,8,3,1,7,1
1100,0,4,0,0,9,5
1134,1,4,2,5,0,7
368,1,2,6,1,8,3
1924,4,9,3,7,0,7
2099,9,6,7,9,0,2
2267,8,5,4,7,3,0
1282,2,3,1,4,9,9
668,7,5,4,6,1,7
2441,7,9,3,7,4,4
602,1,3,9,5,1,3
1088,7,9,3,6,9,0
1737,2,7,7,9,7,1
1197,1,4,1,5,8,7
1278,5,7,2,3,0,4
330,0,0,8,4,8,6
1450,1,7,5,7,4,5
1143,2,6,0,0,9,1
1126,7,7,3,2,5,3
1900,8,2,0,6,8,8
211,1,0,7,0,8,7
33,2,0,9,3,8,8
1842,8,3,6,9,0,0
1784,9,9,5,8,7,3
1723,3,6,1,6,8,7
2104,9,9,4,7,7,6
1749,7,6,3,7,6,0
60,3,7,8,5,7,3
1665,1,1,0,2,6,6
1054,8,6,1,3,4,1
251,3,5,8,3,1,4
1111,3,1,0,0,2,8
778,2,3,0,2,9,1
443,2,4,7,1,7,1
1553,4,6,5,6,1,0
1107,7,4,1,5,7,0
2011,9,8,6,8,5,5
1257,3,2,0,4,7,2
880,8,2,6,7,3,0
1639,7,9,1,5,4,2
127,7,2,9,1,4,9
805,6,3,1,4,6,8
19,1,3,8,3,8,7
2181,8,9,6,8,1,1
772,6,6,1,5,6,6
1816,5,6,6,9,2,1
1026,3,0,2,5,3,5
857,7,7,0,0,4,0
610,1,1,9,0,8,1
1688,6,6,1,5,4,6
933,4,0,0,2,1,8
1644,9,6,2,4,5,7
1987,7,2,7,9,4,6
366,2,2,7,1,9,4
214,0,0,4,0,1,0
2046,4,8,4,7,8,7
372,0,5,6,1,5,1
1179,6,2,0,2,4,0
1595,4,0,0,1,0,7
2324,9,8,6,8,0,0
1000,7,0,2,5,6,4
2363,3,1,6,8,8,3
806,4,1,4,6,5,4
1523,2,8,4,5,9,8
2377,7,6,5,8,7,8
938,5,4,0,0,0,4
629,0,4,4,0,0,4
2083,4,0,6,9,6,5
872,5,3,1,5,5,3
387,2,7,8,5,1,3
494,4,2,9,1,0,5
2254,9,9,0,6,4,9
593,1,0,8,5,0,8
1711,6,3,2,5,5,0
1866,8,3,6,9,8,2
1544,5,6,0,4,7,3
474,2,0,8,3,2,2
2127,9,1,0,6,2,0
1662,7,3,2,5,7,9
1624,4,8,3,6,3,8
915,1,7,1,5,0,2
1348,3,3,2,5,9,6
140,1,4,7,2,5,6
274,0,3,8,0,8,9
86,3,0,8,3,0,6
511,5,2,8,0,0,9
1471,5,5,2,3,0,1
1457,8,7,0,1,0,2
321,0,1,9,5,1,6
1778,2,7,7,9,5,2
219,2,0,7,1,2,4
1780,7,8,8,9,2,4
919,3,5,2,6,2,0
793,2,7,1,5,3,1
157,3,2,9,5,0,2
135,1,1,9,1,8,0
1850,9,5,5,8,1,4
87,0,4,7,2,0,5
287,3,4,7,0,3,7
208,2,0,9,1,0,6
185,1,3,9,2,5,6
2055,9,9,3,7,1,4
217,1,1,9,3,5,4
2362,9,8,7,9,1,1
601,0,6,6,2,5,5
986,3,8,3,4,4,9
401,0,5,9,3,7,9
907,1,3,2,5,7,2
264,2,4,8,5,2,5
498,0,8,9,5,5,4
1505,4,5,5,6,1,1
319,0,1,7,1,4,3
527,1,1,7,2,3,5
812,4,3,2,5,6,4
957,7,5,1,2,6,1
2421,9,9,4,7,8,3
2042,7,9,4,7,7,0
653,4,2,9,6,3,0
1820,8,8,5,8,8,0
488,5,5,9,2,1,8
1353,1,7,0,2,3,5
2308,9,6,6,8,3,7
1542,5,4,0,3,9,3
1594,8,0,2,6,3,7
116,2,0,9,4,3,8
1285,8,1,4,6,3,8
981,6,2,3,1,9,1
499,0,2,8,4,6,4
1287,1,2,0,0,9,1
1799,8,6,6,9,6,1
1565,2,4,5,1,0,6
411,0,2,9,4,8,9
440,5,2,7,3,1,2
826,5,8,4,6,6,7
1789,9,9,6,8,7,1
2199,9,7,5,8,5,9
2346,3,8,5,8,2,2
2325,5,6,2,7,3,8
549,0,0,9,3,1,8
1957,7,8,4,7,9,9
582,3,1,9,2,7,4
1612,9,5,2,5,5,9
1807,7,6,5,7,6,9
350,2,0,7,2,1,9
450,2,6,9,3,5,8
1237,1,2,2,1,3,3
2352,9,2,0,6,8,3
50,0,1,9,5,4,5
1868,8,6,7,9,4,0
1113,5,8,1,0,8,0
1986,6,8,6,9,3,7
1076,3,3,4,5,1,0
2230,7,7,1,7,8,4
894,7,1,2,0,0,3
846,2,8,1,1,9,4
345,4,6,8,3,2,3
45,5,0,9,3,1,6
1988,8,8,0,6,6,4
1995,8,9,7,9,0,4
1440,7,4,1,5,2,8
1191,4,1,3,6,5,2
1156,5,1,2,1,5,0
883,5,7,2,1,0,6
1371,8,6,4,5,0,9
1166,6,1,1,4,6,4
1302,8,0,5,6,1,5
1606,6,2,2,5,1,4
976,5,2,3,5,9,0
1833,9,4,6,8,0,2
551,3,3,9,0,1,6
1989,9,9,6,9,3,9
2074,8,8,4,7,6,2
2019,9,9,6,8,8,6
1528,5,0,3,2,1,9
2389,8,6,7,9,1,8
2322,5,2,3,7,8,0
1516,6,1,3,3,3,0
777,0,2,6,3,1,9
3,0,0,9,3,5,0
302,5,5,8,1,0,2
1205,4,5,2,4,3,4
2241,7,9,2,7,6,8
2148,7,6,4,7,2,0
569,1,2,9,5,0,2
1507,5,5,2,5,4,5
98,3,0,8,3,6,6
1964,9,9,6,8,4,5
2018,9,2,6,8,8,7
1880,9,9,7,9,4,6
1603,3,1,2,6,6,0
1943,6,8,7,9,9,6
983,7,8,3,3,4,6
1203,2,3,4,5,9,0
1216,6,1,4,6,0,9
32,2,0,8,3,1,5
1753,0,7,7,9,4,3
1926,9,9,2,7,2,3
731,4,1,4,4,3,6
848,7,5,0,2,6,3
147,1,5,9,0,7,3
305,3,3,9,4,2,6
2176,7,9,6,8,4,9
1656,5,2,2,6,6,8
2161,9,8,7,9,8,4
1611,4,1,2,5,2,0
1970,7,9,3,7,2,4
2185,6,8,0,6,5,9
1734,8,5,7,9,7,6
1361,5,1,1,3,5,6
1590,8,2,0,0,2,0
2402,9,8,1,6,1,9
1476,0,2,0,1,6,6
374,5,3,7,2,4,8
1875,9,9,8,9,7,6
831,7,0,5,5,6,7
2130,9,0,6,8,0,0
8,2,0,9,5,2,7
220,2,4,8,3,5,0
621,3,6,6,0,8,2
1364,5,5,0,0,1,5
1815,8,6,7,9,2,6
2341,4,8,6,8,7,3
283,3,3,9,4,7,8
417,1,1,7,0,9,8
1138,8,5,5,5,1,1
2330,5,9,7,9,7,9
2077,7,3,5,8,2,3
2394,9,4,5,8,4,9
722,5,1,5,6,5,7
2311,9,8,1,7,7,9
234,4,1,6,1,3,3
2220,9,9,7,9,5,5
1830,1,7,5,8,0,0
1658,5,9,2,0,8,4
2217,7,9,5,8,6,0
1944,6,9,5,8,0,0
480,0,0,8,2,0,3
390,3,3,9,2,0,8
1466,6,2,3,6,2,9
2262,9,3,3,7,6,7
595,1,6,9,3,0,6
2211,5,8,7,9,1,4
1426,3,1,1,4,8,6
2429,5,1,6,8,1,1
845,5,2,3,5,7,9
1374,5,4,0,0,8,9
388,3,5,8,4,0,3
770,1,0,3,6,2,0
2492,8,8,5,8,8,4
1633,1,8,1,5,1,5
2166,6,6,3,7,3,4
1972,8,8,3,7,5,8
354,2,4,7,2,7,7
137,6,1,8,1,9,2
1344,5,8,1,5,8,9
724,2,2,0,2,0,3
1477,4,4,2,6,7,1
363,6,2,8,2,4,9
47,5,0,9,6,4,7
341,2,2,8,2,7,1
814,5,2,1,2,1,6
1136,4,1,5,6,8,6
1437,2,8,1,3,3,7
1614,2,7,3,5,6,3
1947,0,8,1,7,5,2
795,8,5,3,3,8,1
1056,0,7,0,1,4,4
838,3,4,2,6,6,1
1169,2,4,4,6,4,0
169,5,3,7,4,3,6
2040,9,3,0,6,2,7
1840,9,2,1,7,1,1
1589,8,6,5,0,4,6
1277,7,3,4,1,0,8
1098,7,2,4,6,3,5
1847,9,7,6,8,4,6
974,8,2,4,6,7,0
819,6,2,4,6,2,1
46,2,1,8,5,5,7
338,2,1,9,2,6,6
1120,0,1,0,1,9,9
2109,9,1,5,8,8,6
2146,0,3,4,7,1,5
675,4,5,1,2,3,3
959,4,5,1,1,9,2
1519,4,0,1,4,4,4
1696,4,7,4,3,4,0
1034,5,3,2,1,2,3
603,4,5,6,0,0,5
1357,7,7,3,5,3,9
958,5,5,2,5,9,6
1297,9,4,5,7,6,9
1276,4,8,1,3,8,6
1495,8,4,0,3,7,5
1199,4,8,3,0,9,8
1065,8,8,0,2,5,2
616,1,3,9,5,8,9
1869,8,4,5,7,1,0
2179,9,8,0,6,0,1
222,1,6,8,4,2,3
1303,3,6,4,6,7,4
1664,6,3,0,1,0,1
437,2,6,9,1,9,7
893,6,2,0,0,6,9
1583,5,6,3,6,1,2
1425,1,2,3,6,6,0
2392,7,9,4,7,5,7
1469,4,5,4,6,2,8
397,2,2,8,1,4,1
1009,6,6,2,5,8,6
690,2,5,1,5,1,9
1750,6,7,4,8,9,1
81,0,0,9,4,4,9
405,3,0,8,2,5,3
173,2,5,9,3,8,4
1952,8,9,7,9,1,0
1449,5,0,1,4,1,8
2165,9,8,4,7,9,7
2344,1,8,5,7,1,2
376,4,1,3,0,6,6
1691,4,5,1,4,8,0
382,2,0,7,0,6,9
329,2,1,9,1,2,6
1568,8,6,1,3,2,1
1613,7,1,3,0,1,1
591,3,6,7,2,3,0
1764,2,7,6,9,4,3
2007,7,4,6,8,7,6
697,7,2,1,1,4,7
2193,3,6,7,9,2,2
1218,7,1,4,1,6,2
1211,2,8,4,4,6,6
725,3,5,2,3,9,8
475,1,5,7,3,8,3
90,3,0,9,2,0,2
732,1,1,3,5,1,7
543,4,6,8,4,1,8
679,8,1,2,2,5,4
1548,2,2,2,2,9,7
2370,9,4,5,8,4,9
625,1,3,9,0,2,0
378,1,2,9,5,2,5
1867,9,8,6,8,7,5
747,5,5,5,7,5,3
1918,9,7,3,7,8,0
1317,8,1,4,0,2,2
672,2,7,4,6,5,3
1356,4,3,5,1,3,1
1268,5,2,2,5,4,9
2111,5,9,5,7,1,7
408,0,1,7,3,4,2
1532,1,1,1,3,3,6
458,2,2,9,0,3,4
2309,8,8,3,7,6,4
182,3,2,9,5,5,0
755,6,7,3,6,5,8
74,0,4,9,3,3,1
2240,9,9,7,9,5,6
2128,1,9,7,9,2,5
133,2,2,9,5,5,3
2145,6,6,3,7,9,3
1876,5,9,5,8,4,4
830,8,1,0,1,2,5
1214,0,6,2,6,7,5
721,4,8,0,1,6,6
1354,3,6,1,5,6,9
998,6,2,4,5,1,8
172,2,4,8,3,1,0
756,3,4,2,4,8,9
106,3,2,6,1,3,9
2365,2,9,6,8,0,9
2476,7,8,5,8,5,8
188,1,3,9,4,9,6
839,6,0,0,1,3,7
1809,9,9,5,8,2,3
820,6,4,0,4,0,7
622,0,3,9,4,3,4
112,1,1,6,1,1,9
2236,9,6,6,9,8,1
832,6,4,3,0,2,0
409,3,6,8,2,6,6
2263,4,9,5,8,9,1
2142,9,8,6,9,2,6
1021,4,0,2,6,0,2
578,1,2,8,0,5,1
626,2,8,8,3,6,4
973,5,3,1,0,0,9
260,2,1,3,0,7,3
1392,1,3,2,5,0,0
2054,6,9,5,8,1,6
66,0,6,8,0,0,2
2205,7,1,7,9,1,5
2227,8,5,5,8,7,0
1777,4,9,6,8,7,1
1455,1,3,1,1,6,2
1290,6,4,0,3,8,2
2248,6,4,5,8,9,1
1601,5,4,0,1,8,4
371,5,1,4,1,2,7
1796,2,7,7,9,1,5
588,0,0,9,1,4,1
1049,6,6,5,1,8,6
2167,9,1,5,8,3,2
1788,6,9,0,6,5,9
1363,6,3,2,5,4,7
429,7,0,9,6,5,9
509,5,0,8,2,1,3
802,6,4,2,5,4,8
383,3,0,9,3,3,5
1861,2,8,5,8,3,2
1184,3,8,4,2,1,3
1794,6,9,6,8,1,9
418,0,0,9,4,6,3
584,1,0,9,4,6,2
1765,5,4,7,9,9,7
2169,8,5,7,9,8,2
707,7,1,3,1,4,1
1812,9,6,7,9,3,3
2317,1,5,6,9,8,5
1915,7,7,7,9,3,0
728,7,6,2,4,3,2
76,1,0,8,0,9,5
1069,3,2,3,1,7,4
2049,2,4,6,9,8,9
1324,1,4,0,2,6,7
1017,5,6,2,0,0,9
599,4,6,7,1,6,4
1130,7,9,3,2,4,7
1489,3,5,1,1,4,2
1331,3,9,1,5,2,2
1456,3,1,0,0,8,9
1080,3,4,2,4,3,3
1086,3,2,1,1,4,6
1232,5,5,2,3,3,4
665,5,5,0,0,2,3
29,2,5,8,4,3,9
780,2,1,4,0,5,2
197,4,0,7,1,1,4
1669,1,2,2,4,2,4
238,1,1,9,4,8,2
1983,2,6,6,8,7,7
2397,4,2,6,9,1,3
836,3,7,2,2,3,6
701,2,4,2,4,4,9
496,4,0,9,1,5,8
463,1,4,9,4,1,1
470,1,5,8,4,4,9
1899,7,9,5,8,0,7
1953,5,6,5,8,9,6
1994,8,9,7,9,8,6
4,1,3,7,2,2,3
823,3,1,2,5,7,4
684,8,2,5,5,7,2
1933,1,4,5,8,3,7
927,6,5,0,4,1,8
132,2,0,7,2,4,7
2114,5,7,5,8,2,9
1346,4,6,2,2,6,9
272,0,5,8,4,1,6
1828,9,9,5,7,6,9
268,2,2,8,1,8,4
813,3,6,3,4,7,4
1011,6,3,1,4,8,0
1660,5,2,0,1,5,0
2343,8,3,7,9,7,7
2064,7,0,1,7,4,4
840,8,0,4,0,9,1
1149,5,4,2,5,3,8
1081,5,2,2,0,6,5
918,5,8,0,1,4,3
1417,1,5,1,4,3,4
876,7,2,0,0,2,4
1487,4,4,2,5,4,7
2307,6,8,3,7,9,7
2015,8,9,4,7,6,0
1016,7,6,3,6,8,4
1919,7,2,0,6,5,7
352,2,0,9,4,4,1
867,9,3,3,6,8,3
2112,0,3,7,9,7,6
1710,0,4,2,4,3,9
2273,6,7,5,8,0,2
1293,7,6,2,3,1,2
2393,7,8,7,9,3,0
1686,5,7,2,6,6,0
562,5,7,5,1,3,1
2321,5,4,6,9,0,5
558,3,2,8,4,6,5
1848,6,6,7,9,3,6
1768,9,7,5,8,8,3
689,5,4,3,5,9,6
2376,9,9,5,7,0,3
357,2,3,8,2,0,2
1670,1,8,0,0,8,1
316,1,7,9,2,7,3
1301,6,4,1,3,4,1
430,2,3,8,0,8,2
24,2,5,6,2,6,6
476,0,2,9,1,3,6
1311,7,4,1,1,7,0
479,1,0,7,1,6,4
528,1,1,7,3,0,7
1889,8,2,7,9,0,0
1767,6,8,7,9,5,2
292,0,0,9,3,4,8
1642,2,4,2,1,3,7
353,0,2,9,4,4,3
694,1,2,4,2,2,2
79,5,2,9,1,9,8
424,7,3,6,0,8,9
419,1,3,8,0,4,1
773,5,8,3,5,3,2
242,2,9,9,0,7,6
2349,6,9,6,9,9,0
1852,8,6,0,6,0,5
1028,4,5,0,2,6,3
483,1,3,8,4,2,6
2269,4,8,7,9,1,1
1677,4,1,1,2,7,8
1117,4,7,2,5,9,7
1151,8,6,4,0,8,4
1912,9,0,7,9,2,8
539,0,3,9,4,5,8
637,1,3,7,3,1,6
776,5,0,2,2,1,4
1593,6,3,2,3,9,4
1717,3,6,1,5,2,4
23,3,0,8,5,0,5
972,0,1,2,6,9,7
2468,8,9,7,9,1,0
420,2,9,9,4,8,6
2247,1,5,4,7,6,2
632,2,2,8,0,4,5
1864,9,0,0,6,7,6
2336,7,8,5,8,9,4
472,5,1,8,1,9,9
720,5,8,2,5,5,7
299,2,1,8,4,8,5
1704,8,8,2,5,0,3
438,1,1,9,1,5,6
386,3,1,8,1,6,7
1144,7,0,4,6,1,7
248,0,6,8,2,2,5
1192,5,0,2,4,0,3
2475,9,7,2,7,3,2
905,8,6,1,3,3,3
2288,9,8,6,8,7,7
714,4,5,0,1,9,3
1742,9,7,6,8,1,7
151,0,4,9,5,3,5
1023,6,7,3,4,7,4
1963,9,8,5,8,8,5
1131,4,7,2,4,9,3
1576,2,7,4,4,7,1
671,2,7,2,4,5,7
1321,1,4,5,7,9,6
1228,1,8,0,1,0,7
2331,8,6,7,9,2,1
1439,1,8,1,2,2,8
1551,3,1,3,4,2,1
2123,8,6,4,8,2,7
2001,8,8,6,8,3,2
744,5,3,4,6,2,0
2214,6,2,6,9,1,1
2249,9,2,7,9,1,8
1942,9,7,6,8,1,1
576,4,1,8,2,9,9
1368,7,0,4,5,5,0
2425,8,9,6,9,7,2
526,0,3,9,1,2,6
537,5,4,9,2,2,8
179,4,1,5,2,9,7
1929,7,4,6,8,2,1
1877,6,8,5,8,6,5
662,8,6,1,2,5,4
1236,6,0,0,0,5,9
639,0,1,9,3,1,3
457,2,4,3,0,5,1
779,0,7,5,3,6,5
2071,9,7,4,7,6,0
1498,4,5,1,5,6,9
2284,6,8,4,7,3,3
1985,9,2,5,8,6,7
1545,7,5,1,1,4,4
1823,4,4,5,8,7,2
466,3,0,8,4,5,9
1349,7,8,1,2,8,3
1671,4,5,1,2,7,3
1410,7,6,4,5,1,8
20,3,0,9,1,7,9
1486,6,2,3,2,8,1
223,1,3,8,4,6,8
1858,7,9,5,8,7,3
932,6,1,2,3,6,2
553,4,8,8,4,0,5
2105,7,8,1,6,2,3
2431,6,1,6,8,5,9
26,6,4,7,2,1,7
393,0,3,7,1,0,8
1052,0,7,5,6,3,3
821,4,0,0,2,0,7
2045,8,9,7,9,8,1
1531,4,5,5,6,6,1
1736,7,4,5,8,1,0
1638,2,7,0,1,5,1
290,1,2,8,2,1,5
937,5,8,0,1,1,1
134,1,1,8,4,8,1
108,1,4,9,0,3,1
2439,6,1,0,6,0,5
1307,1,8,3,6,6,9
1309,4,6,3,4,6,6
226,1,3,6,2,4,7
1412,1,5,2,5,1,3
659,5,4,2,1,6,2
1894,9,8,6,8,7,7
1862,5,5,6,9,9,1
84,0,1,8,2,5,2
764,5,3,3,6,2,4
630,1,1,7,2,6,2
1837,6,6,6,9,6,1
2244,9,8,1,6,5,8
451,2,2,8,2,2,9
337,5,0,3,1,9,8
1485,5,4,2,5,0,7
644,1,1,9,5,5,8
1996,9,9,2,7,8,7
568,1,8,7,3,9,2
734,5,7,1,3,6,8
344,2,1,3,1,9,8
1042,6,5,2,2,8,4
1190,6,1,2,4,1,9
1674,4,5,3,4,0,1
1786,6,7,7,9,7,6
273,6,0,8,0,4,6
2355,8,7,0,6,2,4
482,3,3,9,4,0,9
2013,8,9,4,7,7,8
2014,8,8,6,8,1,9
2060,6,5,0,6,6,4
505,0,1,9,4,5,6
577,2,5,8,3,3,5
225,0,0,9,2,2,0
2348,6,4,7,9,5,0
2246,8,7,0,6,3,6
1073,2,4,5,6,4,0
1090,4,5,5,7,4,5
869,6,5,2,2,3,7
1298,7,5,0,0,6,9
1843,6,6,6,8,2,9
1608,1,4,2,4,4,1
1133,7,7,2,4,4,8
245,4,1,8,4,2,7
1174,8,8,5,3,8,6
884,5,6,1,2,1,5
1527,6,4,0,1,7,5
1666,7,4,1,3,8,5
462,1,0,8,1,3,4
2328,9,3,1,7,6,9
1187,7,6,6,4,2,1
648,2,5,9,5,2,0
2132,7,2,5,8,6,2
1160,2,6,2,1,3,0
1993,8,5,2,7,5,4
964,2,2,4,6,6,2
2289,3,8,7,9,5,6
709,5,6,2,6,8,3
109,7,2,8,3,5,4
1351,0,7,3,4,9,0
897,7,8,4,1,0,6
688,8,3,2,3,4,0
613,4,2,7,1,5,8
1488,4,7,3,5,3,6
1323,5,0,3,2,0,0
473,6,2,9,4,9,1
1281,5,8,2,0,0,4
2172,9,2,6,8,1,6
1329,2,8,2,4,9,2
607,0,2,7,3,5,5
1826,8,6,6,9,1,7
673,6,1,5,2,4,6
95,2,7,9,5,7,0
1743,4,9,5,8,3,7
171,2,3,9,5,3,0
471,4,2,9,5,0,1
7,1,1,6,1,3,8
1227,5,3,2,4,4,0
1636,6,1,3,6,9,1
1247,3,4,4,6,3,5
1892,8,6,5,8,2,3
716,1,5,1,2,3,8
356,2,7,6,1,5,5
1950,8,9,4,7,3,9
2087,0,8,4,7,6,0
2118,7,9,3,7,0,6
490,4,1,9,2,6,1
797,7,8,4,3,7,0
2075,8,8,7,9,5,3
1181,5,3,3,4,0,4
1430,7,6,2,6,0,1
1578,6,1,5,7,5,9
1454,2,3,2,1,9,9
1598,5,3,1,1,3,1
1002,4,4,3,1,8,1
655,3,7,9,5,5,6
2440,3,4,6,8,4,8
597,6,0,8,4,2,1
2216,9,7,6,9,9,3
1347,4,5,4,1,8,0
339,4,9,9,3,4,0
1849,3,6,3,7,4,6
1911,9,9,6,8,4,5
1522,5,3,1,4,8,0
12,1,7,3,0,5,3
1615,4,2,3,6,2,0
1720,8,5,0,3,7,1
521,0,6,8,0,4,4
1006,4,5,5,5,8,6
227,2,0,9,3,4,1
2469,9,3,6,8,9,6
1605,4,7,5,3,6,9
232,6,3,8,4,0,1
1365,7,4,4,6,5,7
736,1,5,3,6,4,1
1071,7,8,1,1,3,5
969,5,0,1,2,0,7
2466,8,9,4,7,0,9
1871,9,6,7,9,2,7
1492,0,5,2,5,6,1
2385,9,3,5,7,6,5
960,5,3,0,2,5,8
2410,5,7,7,9,9,8
858,4,7,1,5,5,4
1976,8,3,6,8,9,8
984,5,0,3,0,0,0
491,2,0,8,1,8,7
253,0,7,9,4,4,1
784,6,4,3,4,2,7
841,8,2,4,4,7,5
1074,4,7,2,5,8,3
291,4,4,8,3,0,7
54,0,0,9,5,7,7
1139,3,4,2,5,5,5
1801,7,5,5,8,5,0
360,0,3,9,3,9,1
2150,8,8,6,8,0,8
1586,4,4,1,1,3,4
1870,8,7,5,8,2,6
589,6,7,9,4,4,4
1044,5,6,5,5,6,0
642,5,0,8,3,0,7
2444,4,3,7,9,5,4
2149,8,2,1,7,4,1
124,3,1,8,4,2,0
497,3,3,5,2,4,5
1482,5,1,4,6,3,3
1808,2,9,5,8,8,7
769,5,1,5,7,7,4
1373,6,6,3,4,9,2
1517,3,5,1,3,9,4
328,1,6,9,0,7,5
1682,8,3,3,5,4,2
1274,1,5,3,6,3,0
51,4,1,9,0,4,8
444,3,0,9,5,6,7
902,4,6,4,6,5,1
2345,9,9,3,7,0,5
660,3,2,4,4,3,3
2369,8,6,2,7,6,0
977,5,6,2,3,8,6
1409,3,4,2,3,6,1
1012,4,8,3,6,0,1
1945,9,9,7,9,9,8
935,2,7,3,6,4,2
550,2,0,8,5,8,8
1102,0,6,1,2,1,8
400,0,3,8,0,9,9
2218,4,9,6,9,3,6
1493,7,3,5,6,4,2
453,1,3,9,6,1,9
1580,7,2,1,3,4,5
708,6,2,1,2,9,5
1504,6,6,1,1,9,1
2184,8,9,7,9,9,8
979,2,8,4,6,2,2
201,0,1,6,2,1,2
2117,2,8,5,8,0,2
2101,9,4,6,8,1,4
1497,4,0,0,2,4,6
533,1,4,8,0,5,8
891,2,3,4,5,1,8
966,7,1,5,3,7,1
442,3,5,7,1,1,8
1403,0,0,1,4,3,8
1629,6,4,4,6,8,6
762,3,0,1,4,9,7
1384,1,7,4,6,3,3
2290,9,3,6,9,8,3
1819,9,6,6,8,0,0
953,7,0,4,6,9,1
2378,8,3,6,9,6,9
449,2,6,9,2,7,8
2141,9,9,6,8,4,8
1559,3,2,4,5,9,6
1771,9,5,7,9,0,5
423,0,2,7,3,4,3
1913,0,8,6,8,5,7
523,3,1,9,5,4,2
2189,9,9,6,8,5,2
56,0,1,9,3,2,5
244,1,4,9,4,1,6
2480,3,9,6,9,3,6
2494,1,9,5,8,2,8
118,0,7,8,0,3,6
2334,9,7,7,9,5,4
925,8,6,5,3,1,4
2350,6,9,5,8,8,8
929,5,8,0,2,2,4
2115,9,7,5,7,6,3
943,6,0,0,1,9,1
908,5,5,5,4,9,2
2271,9,9,5,7,0,0
782,6,6,1,5,5,4
446,2,0,8,4,7,3
1470,6,8,2,2,8,2
1093,4,6,3,2,0,6
1936,4,9,6,8,6,6
1949,7,9,5,8,3,9
816,6,3,1,5,5,2
572,3,2,9,4,7,1
570,1,2,9,3,0,8
1284,6,7,2,6,0,5
1839,9,8,5,8,1,7
1561,4,6,3,5,5,2
2136,5,2,6,8,6,1
2053,9,9,7,9,7,2
2449,9,5,4,7,6,8
2282,2,9,2,7,8,8
1248,7,4,5,6,7,7
2051,4,9,5,8,6,4
2277,5,8,6,9,6,1
2050,8,7,6,9,2,2
72,1,4,9,5,9,0
1341,5,7,2,5,9,0
1229,4,8,1,5,4,5
1442,6,4,2,5,3,7
870,3,4,0,1,7,1
1838,9,9,4,7,4,3
1518,0,4,2,1,7,0
293,5,6,9,3,5,0
1529,7,1,1,0,4,6
1158,2,7,2,4,6,6
600,0,1,9,4,7,2
1198,8,3,1,5,2,2
1431,6,0,2,4,7,7
1648,7,3,4,3,1,8
2301,8,2,1,6,6,7
278,3,4,8,0,3,1
768,6,7,2,4,5,1
681,8,0,0,0,2,2
879,0,5,4,4,7,5
719,5,8,1,3,2,0
1265,5,2,0,1,0,1
761,5,5,3,0,2,4
2251,1,8,7,9,1,5
2460,6,1,4,7,0,3
110,1,1,8,4,2,5
1503,5,4,0,3,4,2
467,2,0,8,1,4,2
2298,6,2,7,9,2,5
1154,6,0,0,1,0,3
1592,5,0,2,6,0,1
1654,5,2,3,6,0,2
1162,6,3,1,1,6,7
1379,7,3,0,0,8,3
422,3,0,8,1,8,8
1124,4,3,1,3,6,9
1491,5,0,4,5,8,5
2255,8,8,6,8,8,2
1251,3,9,3,0,4,1
1458,5,1,3,6,3,0
574,3,0,8,4,3,3
1851,8,8,6,8,0,1
2078,5,9,7,9,0,8
1428,6,7,2,3,3,6
1089,4,8,4,6,5,3
1018,5,0,0,2,1,4
403,2,0,9,2,4,4
696,6,3,1,2,0,8
452,3,0,9,4,7,8
2073,9,7,0,6,4,1
1468,6,6,2,4,5,1
542,3,5,9,0,1,2
1853,9,4,6,9,5,0
1234,7,3,3,6,3,3
2021,8,7,7,9,8,3
1550,1,2,1,1,5,4
2291,7,5,5,8,7,8
1652,4,5,0,2,9,7
1961,7,8,4,7,0,2
1973,9,8,6,8,4,6
1465,6,2,1,5,9,7
619,4,2,9,2,4,4
2180,6,2,8,9,9,4
1171,3,5,4,0,4,7
402,0,0,9,3,6,6
1951,7,4,7,9,4,2
1014,6,0,3,1,3,7
1628,7,5,0,4,4,6
2133,9,4,0,6,6,7
1334,2,0,4,1,3,2
1066,1,4,2,3,2,2
2183,2,9,5,8,1,1
154,4,0,8,1,9,4
2347,8,9,7,9,6,8
2061,8,2,5,8,7,5
2174,6,7,0,6,8,4
877,2,9,0,0,3,5
999,6,9,2,5,0,0
322,1,2,9,4,5,6
500,0,0,8,0,6,0
456,1,3,9,5,6,6
2391,9,6,7,9,1,1
396,1,0,8,3,1,1
617,0,0,8,3,3,9
2379,7,8,4,7,7,5
1817,8,8,4,8,7,2
1142,7,4,5,6,3,2
1208,2,4,1,0,7,9
432,1,2,9,3,2,5
1509,4,2,1,5,7,9
882,1,5,3,0,9,0
1510,3,1,4,6,6,9
230,3,1,9,5,7,6
1345,6,3,1,4,1,5
1459,8,4,5,7,5,1
1841,2,6,5,7,2,1
1241,8,3,1,4,3,1
2119,9,7,4,7,6,5
1444,4,8,0,3,3,2
951,6,6,0,1,5,8
1805,6,0,6,8,5,3
985,4,1,0,0,3,4
2496,9,9,5,8,2,7
1383,8,7,2,4,9,8
304,2,4,7,0,4,4
204,1,2,8,1,8,9
343,2,3,9,5,6,4
159,1,6,9,0,7,6
231,5,7,8,3,6,2
1813,3,9,7,9,0,3
1741,8,9,4,7,5,9
1296,3,3,0,0,9,2
1891,9,8,6,8,9,0
156,0,4,8,3,0,8
1389,4,6,5,2,9,3
2032,8,4,7,9,7,7
1173,1,1,0,0,4,3
1860,7,9,6,9,3,2
187,3,0,9,6,6,2
1213,9,4,4,6,2,4
2232,8,9,5,8,4,8
210,3,2,9,3,5,0
2339,8,9,7,9,3,3
206,5,1,9,2,3,4
2305,8,9,6,9,5,6
1194,1,5,2,3,7,7
1596,5,4,2,5,1,5
895,7,5,0,0,4,0
1072,6,5,1,2,1,3
88,2,0,9,4,4,1
834,4,6,1,1,6,3
205,1,0,8,0,2,9
105,0,7,8,1,1,0
1744,7,9,7,9,5,7
944,2,8,2,6,2,4
2079,3,9,4,7,6,2
1132,5,4,2,5,1,8
2086,7,7,5,8,2,7
2420,8,6,5,8,8,2
381,3,2,8,1,9,8
1060,2,4,4,5,8,1
1350,1,6,6,7,8,1
1105,3,5,3,6,3,3
854,5,4,4,1,3,0
2242,8,4,5,8,3,3
2380,4,4,1,6,7,6
1910,9,8,6,8,2,2
240,3,6,8,5,6,2
355,2,2,9,1,3,2
2485,9,5,0,6,0,2
1419,4,2,3,2,3,6
913,5,8,3,6,8,1
247,5,1,8,4,0,0
394,0,7,8,1,1,8
2274,0,3,6,9,5,8
1254,0,2,5,0,8,4
766,3,4,0,2,6,5
1604,3,7,3,3,8,8
1640,5,1,3,6,0,1
2038,8,0,4,7,2,1
726,3,3,4,6,3,4
203,0,8,7,2,7,6
361,0,0,8,4,8,4
398,4,5,4,1,0,2
787,6,8,1,5,6,1
2371,9,6,0,6,1,7
1494,3,2,4,6,7,7
1481,6,7,2,2,3,7
687,1,8,2,6,9,2
1058,6,5,1,4,7,5
1790,4,3,7,9,8,5
924,7,2,4,5,9,9
898,8,4,0,0,4,1
1834,5,9,0,6,6,5
1116,0,3,6,6,9,3
1259,6,8,3,0,5,2
2151,9,3,5,8,4,9
1200,1,7,4,2,4,6
810,4,3,0,0,7,7
2243,6,1,6,8,9,8
2030,8,9,5,8,7,5
267,0,1,8,2,5,9
906,7,4,4,6,1,0
741,6,3,5,0,1,7
1680,6,6,2,4,5,5
2360,9,0,7,9,7,6
678,7,4,5,6,2,6
2157,9,9,6,8,0,6
624,0,2,3,0,9,0
308,4,3,7,2,1,8
1690,8,5,3,4,1,3
508,2,6,6,2,3,2
258,3,6,8,1,1,2
1739,9,9,2,7,9,2
407,0,4,8,1,6,4
2432,7,8,6,9,8,5
461,1,4,8,2,4,2
1549,1,7,4,4,1,2
1948,4,5,5,8,5,7
2312,9,7,5,8,0,5
881,8,3,2,0,4,2
2326,8,4,6,8,1,0
1514,0,6,4,6,3,2
445,0,4,8,5,1,0
1313,2,6,0,2,4,6
2047,7,1,4,7,8,9
1075,7,1,3,6,8,0
962,4,1,3,6,9,4
1535,7,1,2,0,5,3
1927,6,8,7,9,2,7
815,4,1,5,6,8,0
583,1,1,9,5,5,5
1155,1,5,0,2,8,7
2479,6,6,5,7,8,9
605,3,1,8,1,6,5
575,1,0,8,3,0,9
93,2,1,9,0,8,3
139,1,3,9,5,8,4
166,5,4,8,2,9,8
2035,9,0,7,9,9,2
2319,8,8,5,8,0,0
492,3,7,7,2,8,4
1125,5,4,0,2,8,8
1515,1,7,1,5,0,8
92,4,3,9,2,3,3
975,0,7,0,0,3,3
1896,8,3,1,6,1,6
850,5,3,4,6,5,1
1619,2,4,1,3,5,6
2400,7,6,5,8,5,0
379,0,0,9,4,7,6
1030,1,1,3,4,1,2
17,1,0,8,3,9,5
705,4,2,3,5,6,2
693,1,6,4,6,8,9
421,2,4,9,5,6,1
1939,9,1,7,9,9,7
99,4,1,8,3,3,6
1422,6,7,4,6,1,5
1362,6,6,2,6,5,5
798,3,8,1,2,9,7
1631,1,3,0,0,4,3
1260,8,5,1,0,5,0
1225,7,2,3,6,6,0
28,1,1,7,0,4,6
129,3,0,7,3,4,7
1955,9,1,6,8,9,1
2187,9,5,6,9,2,5
1103,5,7,2,6,8,0
1597,1,5,3,4,7,2
1627,2,2,2,4,9,9
1610,0,4,1,3,8,4
2212,4,3,4,7,6,7
1001,3,5,3,3,6,8
1562,5,4,2,3,3,4
939,7,9,1,3,8,8
2094,4,8,6,9,6,6
592,2,8,4,1,7,5
2198,8,9,2,7,8,2
1250,1,3,3,6,5,8
1059,3,7,1,3,9,5
921,3,5,3,4,7,8
1185,3,5,0,0,4,3
2257,4,9,7,9,9,2
303,1,0,8,4,4,2
128,0,7,9,4,7,8
2209,5,8,3,7,6,6
1499,3,5,4,4,9,8
2235,6,4,6,9,3,0
916,0,3,4,5,1,5
1157,7,4,5,3,7,4
2418,8,8,4,7,7,1
1429,5,8,1,3,9,5
2260,6,9,6,8,6,1
435,3,0,8,0,7,7
638,4,4,8,1,8,0
1810,7,5,6,8,7,2
1327,7,5,2,5,4,3
541,2,1,8,4,7,6
2234,4,6,1,6,6,3
1085,2,7,1,5,3,4
1685,4,5,1,3,3,3
323,4,2,9,3,5,3
1280,4,3,5,6,2,5
2413,9,5,5,8,8,8
1635,6,1,0,4,9,7
1226,3,9,1,5,9,6
1008,6,6,0,2,6,4
674,3,2,2,2,4,7
1381,7,3,1,2,2,5
928,6,8,1,1,5,3
1019,8,6,2,4,2,2
763,8,4,5,4,0,5
465,3,1,8,1,4,2
1128,7,4,2,2,8,7
2036,9,6,4,8,0,6
652,4,0,6,2,4,6
1724,7,7,6,8,6,0
1525,3,4,2,6,5,4
628,3,1,9,2,2,2
1922,8,9,6,9,9,7
1152,6,0,3,5,3,0
2333,8,2,7,9,6,9
2407,1,9,6,8,4,3
2195,7,3,6,8,3,2
2048,8,6,7,9,3,2
765,7,5,3,2,6,1
1201,5,1,1,2,1,2
262,2,0,9,1,0,8
1135,7,2,0,2,6,2
548,0,1,9,2,8,6
2403,2,9,5,8,8,7
649,1,5,9,4,6,6
362,1,3,7,2,0,5
1716,2,2,1,0,0,7
1172,4,7,5,7,1,6
1732,6,9,5,8,3,3
142,0,6,9,1,2,6
1048,3,6,4,1,0,2
1536,1,2,0,1,6,3
318,0,3,9,1,7,6
1650,2,2,1,2,3,4
1832,6,9,5,8,2,9
1333,7,2,4,3,4,4
936,7,8,0,2,2,3
1776,9,9,6,9,6,8
837,4,2,3,3,6,8
2177,5,2,5,8,3,2
1043,5,8,4,6,4,4
1797,6,9,7,9,7,5
2398,8,6,6,9,2,4
1508,3,0,0,2,8,9
85,2,2,8,0,2,7
711,4,0,0,2,4,9
1785,7,7,3,7,9,8
2056,1,6,3,7,5,7
243,4,4,8,3,4,1
727,6,6,1,4,6,2
1067,3,6,0,3,3,4
1766,0,9,5,8,9,3
348,1,6,9,3,7,1
126,3,3,7,2,2,5
1219,7,6,0,2,7,5
1295,7,2,0,1,9,5
661,5,8,0,1,6,1
1859,7,6,5,8,3,2
530,4,4,7,2,2,9
1101,8,1,0,2,4,9
1845,5,3,1,7,5,3
315,3,2,8,2,4,3
2027,8,9,4,7,2,4
2052,9,3,4,7,0,4
1574,8,7,1,3,8,3
1560,7,5,4,6,7,1
2353,6,6,7,9,7,1
1484,4,7,2,6,2,3
340,0,1,8,2,2,8
1366,5,4,3,1,6,5
1320,5,4,5,5,1,3
1003,3,3,0,0,0,8
514,1,3,8,2,0,5
2134,9,8,7,9,8,8
2357,7,1,1,7,2,6
749,5,8,0,1,2,6
664,6,3,3,6,4,6
1415,2,3,0,0,5,5
428,3,2,8,0,3,4
807,4,3,3,6,8,1
1451,3,0,0,4,1,3
2435,7,8,4,7,5,5
1215,6,7,1,5,0,5
280,2,2,7,3,1,8
1283,6,3,1,0,6,4
1577,3,8,2,2,5,7
1418,4,5,1,3,5,4
1406,1,2,1,4,7,2
1319,3,8,1,2,7,1
1873,0,9,6,8,1,4
1757,9,7,2,7,1,1
1408,4,1,3,3,1,8
1649,5,1,5,7,0,2
2178,9,9,4,7,7,0
663,2,1,4,1,6,4
1958,9,7,7,9,6,2
1294,5,1,2,3,0,7
404,0,4,9,3,8,3
507,1,3,9,4,8,3
1195,6,2,1,1,0,2
1299,5,2,0,0,5,1
1221,5,7,3,6,4,1
2473,7,2,6,8,5,4
2396,8,8,6,8,2,1
620,4,7,5,0,2,7
1376,3,1,3,6,1,0
2327,8,6,5,8,1,6
1177,7,1,1,3,1,5
1480,3,7,3,3,8,6
224,4,0,3,0,0,4
1304,8,8,1,5,7,3
1245,2,5,3,6,3,5
413,0,4,8,1,9,2
1063,3,8,1,0,2,2
1292,0,3,2,5,0,2
317,4,3,8,2,0,1
2208,8,9,0,6,9,7
1982,9,9,6,8,2,5
2272,5,6,5,8,5,7
1427,8,2,0,2,6,2
1007,8,3,3,2,0,1
62,5,5,9,5,8,5
270,2,0,9,3,9,8
2222,4,7,3,7,7,7
113,4,6,9,2,3,6
699,3,6,2,1,9,8
1122,7,4,4,6,6,4
2256,6,7,2,7,4,7
143,1,4,8,4,9,9
1885,9,6,0,6,6,5
733,2,3,0,4,9,0
875,0,4,0,1,0,3
2423,9,9,2,7,5,2
1584,7,0,1,5,0,4
992,9,5,0,3,7,6
1097,4,2,0,0,8,9
2090,7,7,7,9,5,1
2443,9,9,5,7,5,8
825,1,7,2,4,0,3
1114,3,7,1,2,2,3
2484,6,0,1,6,8,9
286,2,3,9,5,6,3
961,7,7,0,1,7,1
615,3,5,9,0,8,3
1935,3,5,8,9,8,4
518,2,0,7,2,3,1
13,2,0,8,0,9,3
1903,8,8,7,9,3,2
2259,8,7,3,7,4,8
21,0,1,8,2,0,5
1,5,5,8,1,3,3
1818,9,9,8,9,1,8
2314,6,9,7,9,9,4
868,0,5,2,3,4,5
803,0,2,0,0,8,4
1490,7,5,2,2,0,9
100,3,0,9,2,6,9
2100,5,1,5,8,2,3
229,5,2,7,4,2,9
636,1,2,8,3,3,5
2340,7,5,6,8,9,3
1079,3,6,2,5,2,9
1758,9,9,7,9,6,2
2302,9,4,1,6,8,6
1934,9,9,2,7,8,0
25,2,3,7,4,6,2
645,0,3,7,2,2,8
2359,9,7,7,9,0,0
767,7,2,2,6,7,8
1165,7,0,2,3,4,3
2033,4,8,7,9,0,6
2338,9,7,4,7,7,6
968,6,6,0,0,8,3
1579,6,7,0,3,4,1
685,1,6,3,1,3,8
786,4,0,4,1,6,3
279,5,1,9,0,8,3
1573,7,2,2,3,2,7
2332,0,9,4,7,1,5
855,7,6,1,0,5,8
73,0,2,9,0,0,4
729,3,6,2,0,7,4
1129,7,5,1,1,6,0
956,5,1,0,0,0,3
152,2,7,8,1,7,5
1325,0,8,3,6,0,4
971,3,8,3,0,8,7
2152,0,1,0,6,6,6
2293,8,2,2,7,2,9
2375,9,9,4,7,9,7
102,2,0,9,4,5,7
706,5,2,4,7,7,1
955,6,3,3,6,1,2
1582,2,5,4,6,5,2
1667,5,5,2,2,6,2
2446,9,6,7,9,6,4
460,3,0,9,0,5,7
1968,8,1,7,9,8,5
1272,5,0,3,6,2,5
2361,8,7,6,8,0,3
276,2,6,7,1,9,4
406,1,5,8,1,9,9
1336,3,5,3,0,8,5
2427,6,8,6,9,8,5
65,0,4,6,1,8,3
1153,6,4,1,4,1,0
1563,0,6,2,0,3,7
485,1,3,7,3,7,9
1923,9,2,4,7,5,9
2201,8,9,4,7,8,0
2404,3,7,7,9,9,2
504,0,1,8,0,3,5
2022,9,9,6,8,8,9
2122,7,8,7,9,0,4
265,0,0,9,2,0,1
886,8,6,1,5,9,1
58,0,2,9,3,8,4
1655,5,0,2,6,2,8
1855,7,5,4,7,2,2
269,1,9,9,5,3,8
399,1,0,7,0,5,5
945,7,4,4,5,1,4
771,4,1,1,4,4,2
1999,9,9,6,8,7,6
